hotel	user
2	427
60	1068
60	1454
17	2797
37	701
55	1209
4	3609
17	3202
39	474
39	4488
39	2858
56	4116
18	2523
53	1277
56	1556
17	3608
56	520
24	3093
17	666
26	2581
37	2648
7	82
14	3415
2	354
17	4398
12	1739
41	3683
64	4272
17	3508
52	2520
28	3324
39	543
17	3451
4	2963
56	2708
42	1714
17	3048
56	3560
6	414
17	3097
4	4370
56	4131
56	4068
56	2944
17	1233
26	75
41	2651
17	2039
56	2324
45	2805
65	2072
17	386
6	1168
56	2868
26	430
17	1765
10	2031
61	1363
37	651
33	1550
25	1841
4	3672
55	2355
39	3951
12	1988
4	3189
41	2893
15	1800
17	996
45	4277
18	4060
17	222
56	511
56	3418
56	597
24	3086
36	625
4	4024
2	771
39	3929
65	3881
17	4041
56	888
55	4527
39	1695
56	2690
56	4450
39	4372
60	108
56	335
17	993
12	2329
28	1307
56	2326
39	1409
24	2418
56	1037
56	3647
41	2545
59	3599
5	1608
17	614
17	3255
56	2145
56	1771
4	4168
60	1243
17	3593
45	256
7	2367
10	1578
12	279
56	4407
17	448
37	2201
17	1129
14	1257
20	1532
28	85
56	1415
10	4361
64	561
6	2587
17	2394
2	2058
60	3435
44	2170
3	3906
12	2859
56	3100
17	1770
39	3413
10	1197
17	63
56	754
4	2309
60	4054
17	755
10	3505
17	41
56	2492
4	2165
17	1244
55	2977
41	3223
4	3172
18	2093
17	514
37	773
56	1645
17	288
18	1350
56	1279
26	2450
17	298
49	2908
6	3668
17	2475
66	4137
66	1403
55	3326
39	2153
38	3752
36	2260
6	2965
17	13
37	1819
38	1554
10	2917
65	2066
17	2563
17	1590
56	1151
39	2582
18	1751
45	565
55	1394
19	2801
61	2875
12	1066
59	964
17	1952
60	506
18	4225
2	687
26	35
56	1795
56	2344
56	2987
2	472
33	1171
61	939
39	1355
17	1297
2	2989
6	981
56	3573
56	2422
56	2011
2	4512
61	3810
39	1534
56	1284
56	2421
29	1007
17	3643
25	2471
19	106
10	3362
17	4212
56	3407
6	4340
56	2390
2	3121
6	4469
56	2185
4	1522
56	1951
56	1251
10	250
17	1669
45	1892
60	2873
66	739
48	150
4	1000
49	238
17	3971
2	1268
41	2657
24	1853
41	2887
56	2412
56	1150
60	2386
6	2505
49	3931
28	2431
39	133
56	2536
41	1843
52	945
17	2347
14	1145
56	1975
60	2388
60	251
56	1412
60	3529
39	1115
54	3864
52	113
56	1032
57	3916
45	1306
39	4271
19	1207
37	3359
6	797
2	715
39	577
39	66
2	234
12	741
21	765
56	3332
60	4166
17	2603
2	3367
60	2456
2	3989
39	2644
21	2493
60	1850
60	7
10	3992
56	592
17	1593
6	4138
56	406
1	1793
2	1261
56	4142
22	2284
43	553
17	2796
6	1896
19	3196
37	3536
2	2452
37	885
56	2600
6	1858
18	2616
56	2679
39	1845
17	1700
56	2773
20	1847
56	586
41	4279
15	4118
6	3224
56	2876
56	68
6	1811
43	1248
10	832
17	3946
18	1165
56	2197
23	985
6	4102
17	751
44	3346
45	405
17	2786
52	904
17	3293
39	3145
17	3661
56	3015
14	1701
56	1043
41	338
2	4063
59	835
39	4454
39	2096
37	4351
61	2595
56	2247
6	1628
2	3768
17	4464
17	1368
10	2164
41	2340
39	2572
56	1090
17	3571
17	1790
56	2649
23	2359
17	4293
37	2487
56	1357
10	3720
24	2006
33	2403
57	517
17	1658
66	487
19	2274
33	54
37	3287
17	2081
17	2666
43	2269
3	1572
56	1023
63	1155
4	874
6	4174
4	1048
38	460
56	1292
45	142
59	4185
56	4080
41	2762
56	4534
17	232
56	1206
15	2341
61	2853
56	1300
41	3427
17	3206
17	3376
49	952
17	1422
17	2847
56	51
39	1917
63	2155
56	1069
17	1348
60	4190
1	227
39	4508
2	3211
24	1926
10	2758
6	3815
41	4244
10	1429
39	3309
17	352
56	2173
56	1435
13	3695
57	1026
56	973
55	562
41	2978
23	2763
56	3051
39	3628
17	1473
15	1513
2	2655
39	2766
56	3987
61	914
48	1814
56	226
10	2333
56	1450
7	1113
2	1423
17	2343
56	2716
17	2147
56	264
22	1135
45	3587
12	2256
26	3343
10	1366
62	2472
56	1694
56	1444
41	293
19	1270
37	724
53	2878
17	2744
17	975
41	336
17	2806
56	1673
17	837
39	3474
28	740
17	864
56	111
39	1545
10	49
56	481
39	2660
10	3877
10	2870
2	1560
56	3166
14	1141
17	4075
56	2877
39	1683
56	682
55	3990
41	2474
20	3714
61	1626
56	2780
17	552
17	4170
10	534
56	2318
53	167
56	3556
56	3554
17	3478
17	3397
1	1989
10	1061
9	877
17	2503
45	984
56	3455
4	2169
12	3209
14	3852
22	4314
41	2050
59	4040
17	971
38	1577
66	829
57	2022
12	1212
10	2384
56	2414
18	4151
56	4403
17	709
56	1899
10	3999
18	3027
56	1781
41	4247
56	1430
56	4396
66	2693
37	1838
41	4307
14	3179
17	569
10	223
56	1815
57	3077
7	3858
26	2094
17	1909
56	976
10	3200
56	337
15	2351
10	584
66	3601
10	4350
56	3778
18	413
2	1986
56	102
56	870
56	3509
45	2498
15	2502
10	1184
12	419
17	903
17	4259
17	4133
56	27
59	669
4	2270
5	1160
2	1820
18	2531
17	4511
13	3325
56	1344
45	3631
60	3344
56	1846
55	2680
17	1124
37	2910
19	1631
33	290
4	4504
56	4113
17	596
14	2733
4	3230
14	1675
46	627
17	892
28	1606
33	1317
56	2209
15	4391
55	4221
17	4284
17	3902
39	3463
19	1529
26	306
61	1051
18	2126
57	190
41	1478
4	744
14	1346
39	1930
6	693
6	2864
63	3559
33	3168
55	1245
56	3702
15	2861
17	231
6	818
17	1376
39	1630
20	3678
39	1182
17	1897
19	3708
4	1816
17	203
57	1410
60	2835
27	3112
17	2513
41	399
12	2027
10	630
56	2673
56	3777
17	2121
6	2704
28	2930
37	3110
17	2354
19	2323
2	3402
2	2144
56	689
17	2171
56	3028
37	843
18	1557
17	1894
4	884
26	1965
56	2863
56	2950
28	467
41	772
56	929
4	2192
61	2701
6	3598
17	1803
17	948
49	3577
4	2653
5	570
2	2778
41	2849
19	1591
56	705
17	3114
39	3689
56	2527
17	3188
17	2157
27	492
60	1196
17	3127
56	2146
17	1260
56	2724
40	4344
56	839
41	891
58	3818
52	2064
39	2380
56	2667
33	542
37	589
60	2633
56	2560
14	2850
59	1417
17	3042
17	3426
60	3432
14	3290
17	1644
39	910
56	1064
17	4517
14	3201
17	70
37	153
56	2413
39	1733
41	1240
56	1232
17	819
12	696
56	1665
57	2604
2	3988
56	3706
12	1405
21	130
18	1139
23	1817
37	202
56	2207
4	2407
3	1670
55	2854
65	3739
60	1227
6	4128
56	3046
17	3229
17	4029
6	1162
56	1783
41	1308
43	4445
63	1678
17	433
2	4406
2	2024
56	855
17	2427
37	621
10	1912
2	862
17	2828
53	3757
12	1809
56	1941
56	2235
60	462
65	3302
56	199
2	2614
56	1474
57	1015
17	3040
2	646
53	4424
17	708
17	356
17	557
39	4327
2	3422
17	2012
17	3381
55	1528
53	932
17	2632
65	4410
66	1905
56	2842
65	3108
24	489
17	1633
39	2879
20	3867
56	4245
33	4143
39	3498
2	541
60	3625
25	3457
56	246
56	2020
17	1705
17	1316
12	3073
10	1647
12	3636
17	2135
49	3276
60	3537
17	3746
65	990
17	151
39	314
56	4189
17	2734
14	2937
39	3769
21	3228
56	1190
56	1199
2	2242
4	3358
56	3408
17	3597
56	3919
56	1661
60	3431
37	3033
56	1025
6	1463
63	484
56	124
12	2725
6	1519
12	922
60	1466
60	2265
17	1398
45	1169
56	104
17	2684
59	3396
17	1322
12	348
65	116
18	749
56	3527
56	2777
55	2005
55	761
59	3583
45	4209
56	958
45	3814
56	4109
6	1614
17	3494
56	1900
56	407
10	1078
56	805
60	3726
17	490
2	4211
56	3124
12	2585
9	1737
60	636
4	1972
56	605
17	876
56	2706
56	909
56	502
17	1498
60	1957
12	3973
49	2179
56	4248
37	1785
59	3480
37	3181
46	342
39	4435
6	3289
56	3212
17	1406
56	3129
56	3850
56	4352
4	3651
22	475
17	2619
41	1566
6	2768
12	4371
56	3976
38	3271
12	535
56	2909
12	2183
60	3519
2	2399
56	2239
56	1769
33	4421
60	291
56	3849
23	4064
60	1735
56	2524
56	2928
56	2943
17	308
39	3056
4	3219
1	2409
14	2826
3	4347
6	1618
4	1174
37	905
4	2288
39	3838
17	680
56	1738
65	2139
17	3538
56	2819
56	3003
17	3154
56	2591
60	1283
17	367
56	3817
63	73
60	415
2	1100
56	1906
41	2852
12	1726
56	3883
56	688
24	2349
56	665
39	1624
2	285
17	176
45	1107
56	324
56	2526
60	1583
17	2829
14	4236
56	2168
2	4191
56	2246
6	1281
43	3148
48	262
56	1512
17	2037
45	497
23	4214
3	3832
17	2755
56	3762
39	4529
56	2630
11	3685
20	1425
17	618
17	1734
53	1597
56	2540
21	1118
56	165
2	1289
56	1805
17	61
39	3496
56	2369
17	2592
56	4183
10	2008
56	3138
66	4219
62	3755
56	3876
56	4325
56	4349
17	3107
45	4092
56	1681
60	3526
25	2969
21	341
66	4386
2	641
56	4153
56	121
3	2735
41	3365
26	935
56	4262
56	961
52	827
17	779
10	2112
56	2420
56	14
56	1049
56	1851
17	623
37	3882
17	349
60	2760
17	2623
17	1217
17	2838
2	1789
56	3549
12	409
56	4184
60	2043
56	1580
13	3656
56	4444
17	1345
39	2
17	1589
6	607
56	3058
45	580
50	3918
2	867
10	860
24	3385
14	268
37	750
17	1581
60	2557
14	2398
61	4003
6	2304
14	978
55	1360
56	3632
6	550
6	1627
59	4017
45	2555
60	1547
56	1242
6	3701
37	390
17	2990
17	4222
17	2102
17	1555
56	3670
17	257
60	2973
2	158
6	3411
56	1266
43	141
56	2689
58	1674
26	1592
4	2071
41	2375
18	3663
60	2321
43	1579
17	239
17	2446
17	3468
56	1702
56	753
44	1950
17	2295
49	4123
17	883
17	2137
17	1721
43	1302
17	1659
57	2983
17	1907
39	2496
39	1455
65	3839
61	4035
19	1599
14	2327
56	2761
41	2216
45	1420
17	3109
60	2785
65	468
56	4230
6	1226
4	3122
2	2426
56	2188
18	3782
33	4193
17	3476
6	1120
56	1916
17	2700
14	3922
60	2345
28	3017
4	4282
39	2521
6	1962
60	2808
17	1434
60	2752
37	1467
2	3074
18	548
48	544
2	1985
58	1914
2	4172
45	1323
66	4
22	1855
56	3945
63	1221
17	1903
56	379
6	1020
56	4456
6	4287
10	702
15	145
56	609
15	1166
56	2217
18	3664
66	532
17	1389
56	1866
17	3733
18	1247
4	713
61	1980
56	3113
14	1668
56	1886
4	907
10	3412
17	384
57	2181
56	4385
39	4069
59	2561
2	3338
56	3130
41	2484
60	4006
6	2597
2	598
4	249
2	2038
10	2075
2	4233
17	816
17	2432
17	2636
15	2151
60	1944
60	3692
18	119
56	937
66	2056
2	3090
62	1087
17	1073
39	131
25	4333
25	4453
56	60
17	2905
37	421
56	1521
17	4413
17	3157
17	3186
56	1505
3	1974
56	2598
28	3279
10	3465
17	3155
17	901
17	2566
23	2040
60	2225
56	2880
41	2643
60	4418
56	34
26	2652
17	2645
10	458
60	2825
2	712
39	2113
39	3729
10	2968
56	3068
17	1445
39	3953
56	2107
2	453
17	408
45	3600
17	4215
2	3484
41	362
23	1613
2	3975
17	3043
39	4147
41	2507
12	2957
56	1341
18	46
12	1657
56	2594
62	2234
41	2664
2	59
33	376
14	2294
56	4071
49	2601
17	215
2	893
40	2210
17	4157
60	2172
4	2578
41	4096
60	2862
17	1511
60	4044
5	2888
17	1016
17	2851
56	4409
7	157
13	2223
62	763
56	2378
52	1798
38	1655
56	2577
39	1343
36	743
17	3111
17	1004
46	42
56	1810
55	3928
17	519
17	2516
17	1861
17	1076
39	371
2	1041
55	2086
17	2261
41	2254
12	1304
56	4343
3	1213
14	540
56	383
12	791
65	1575
45	1053
17	373
18	159
18	394
18	616
56	2424
39	725
39	2199
56	2101
61	3243
56	2016
10	1172
17	1148
19	853
56	1745
55	2834
41	2233
17	785
17	3306
55	2688
56	2108
17	3440
17	3943
4	538
56	2525
17	1080
66	247
58	1867
4	2462
56	1054
17	953
60	3160
17	1530
60	3603
36	3242
56	3193
56	4299
41	3688
43	777
26	3821
56	1116
2	1574
39	442
33	1399
39	3061
42	2668
2	954
17	3018
56	186
60	1561
55	3499
4	1520
18	477
56	214
6	659
2	2203
60	4241
56	2052
56	3846
56	2021
17	521
26	1075
17	2599
2	3962
25	132
2	2373
17	65
56	733
17	1932
17	1274
56	4087
17	4499
17	359
60	1194
60	3639
2	2817
37	1891
17	2936
38	748
55	581
17	2915
56	1542
59	2036
56	3187
45	2590
12	1353
38	1401
36	2291
59	2913
39	1013
21	2901
10	1943
41	571
17	2543
17	4187
17	1254
10	1874
10	4510
17	3195
56	1337
6	4066
49	1844
41	3263
37	603
56	2791
56	962
18	3698
56	4180
56	1324
2	436
39	3590
14	3816
56	4104
17	88
60	2405
41	312
63	681
56	4530
15	2711
14	192
17	2571
56	129
33	4414
18	4257
10	1878
2	2809
33	2639
39	3087
38	207
58	3049
17	982
17	152
41	547
49	2224
25	957
60	1014
56	2023
39	17
45	1687
37	1479
39	2726
56	2385
17	995
63	2698
4	2802
60	4145
56	2445
56	84
17	934
17	2079
57	2694
17	2654
56	1616
65	505
56	393
60	2425
56	1727
39	1327
28	2830
6	4400
56	1453
45	1649
17	4062
53	57
19	498
18	1098
17	1459
2	639
56	1660
17	47
6	3141
56	3972
12	1981
4	1518
66	2967
17	1799
60	3471
17	1374
37	3699
17	3304
56	3622
14	1953
4	2473
17	579
37	353
10	4046
56	3218
17	1772
56	1153
45	1055
17	4483
17	2178
10	1319
6	3671
17	4074
17	812
56	1446
60	4438
13	3194
41	107
49	1022
17	3500
10	979
2	1510
45	3237
56	456
60	18
36	2534
65	3996
56	4036
4	3031
62	632
17	2982
56	3235
4	3749
46	938
60	1707
6	345
17	174
56	1293
14	289
17	230
60	1188
66	629
19	1475
39	2316
60	3136
24	3827
38	182
2	2263
10	2794
56	529
56	1468
56	3307
66	2232
56	2784
2	3767
17	1768
66	4286
14	267
39	4337
6	44
40	2029
56	512
12	1918
17	1462
6	3328
55	378
6	1717
37	3635
10	3513
12	4295
17	1849
41	3617
17	3542
56	200
39	2286
33	3885
14	40
56	155
4	2128
56	465
45	3994
41	3579
14	516
65	4440
56	3383
11	98
66	3315
17	283
66	261
37	1945
56	890
10	3826
6	428
23	2550
14	1130
60	2867
41	2300
19	3995
14	3921
10	340
21	2925
28	1288
3	1797
5	3373
45	2200
41	4039
56	3809
41	273
55	716
45	1200
2	55
17	3144
17	3888
14	1062
65	466
56	2374
17	3555
2	3582
33	1231
17	727
56	2396
39	369
17	1736
56	455
17	6
17	2966
50	2647
12	2134
65	3898
56	3585
37	1933
24	265
49	3032
24	2307
2	4431
45	2658
66	826
60	2535
59	3360
56	997
41	363
2	4150
56	2659
56	2099
56	3957
6	1438
56	3101
2	2927
36	392
56	4459
17	4106
41	4502
43	3716
14	3654
6	2483
37	2159
10	695
56	1042
10	1397
57	2882
42	1501
3	4441
36	1913
17	4526
56	1001
60	360
6	3662
17	69
37	3960
59	2229
61	1253
18	4152
45	3940
28	4177
3	1320
56	435
18	3170
12	1585
15	401
12	1746
2	2832
37	1367
6	2009
39	36
56	3205
4	2929
37	4433
60	1335
10	2736
56	1758
17	62
6	3429
56	703
45	2499
56	527
39	1349
65	1158
56	677
17	3241
66	2415
39	2451
2	899
17	2617
56	3878
39	277
56	1540
6	3512
56	1922
24	2457
56	507
22	3944
45	2681
39	269
52	4270
17	1755
56	1218
17	1500
23	4296
12	3948
41	122
17	790
17	1046
14	4070
17	1193
65	1818
56	2463
4	1392
37	2428
56	4028
4	2227
12	4243
56	806
18	3704
17	1404
38	2606
3	2317
17	4429
39	1749
10	2131
13	2742
56	31
60	3239
6	726
17	478
24	970
10	1476
37	1908
10	1939
60	2898
65	4365
17	1081
17	3312
18	1865
26	2047
56	802
56	2685
2	1873
2	2141
56	2238
56	530
11	397
17	3349
56	412
41	3719
57	1729
15	3105
56	1653
56	2748
18	128
2	882
46	2464
53	1167
61	3750
6	4319
17	2285
52	1548
4	2221
10	3117
56	644
39	1937
6	1393
17	1036
56	3875
2	4493
4	4460
17	3546
45	745
2	3576
12	2985
17	3806
39	2070
56	918
41	2613
66	1352
56	4216
4	1982
56	451
64	872
3	524
12	1796
17	4382
17	1992
17	865
56	488
17	1725
39	1598
56	1235
56	2062
37	1812
17	1910
17	1491
56	3807
6	3851
39	162
60	2301
17	2336
18	3273
56	4364
2	143
45	1470
2	4381
41	1568
17	3917
15	2442
19	25
14	591
17	2212
18	1696
6	1679
56	2125
17	184
14	2518
17	1767
56	2395
56	4073
18	1424
56	1872
54	4058
12	3225
2	89
17	3879
61	4491
56	2030
56	2650
17	2546
56	2941
39	3955
45	1285
56	1185
6	3442
17	366
37	2596
56	3819
17	924
53	3855
2	4540
10	3076
2	480
45	2772
60	1576
4	3646
56	2477
4	661
6	3103
61	2787
17	1102
18	2816
31	847
45	2490
2	2846
17	3140
17	1421
11	1472
55	657
60	1915
56	528
2	2568
56	258
17	1408
56	3063
41	1757
56	660
56	4249
19	4312
17	2547
14	1967
41	4178
39	1012
17	878
24	4425
17	3820
17	4358
61	4246
17	927
26	2468
45	3998
60	2461
14	2118
63	4498
56	1728
10	191
17	2719
17	1009
17	3433
56	2448
56	3177
56	3963
56	2103
59	936
6	679
14	4300
2	2793
25	3079
17	418
17	1753
17	1984
45	3278
17	1084
12	2240
6	654
12	568
17	3291
56	3197
17	2092
56	3475
65	1740
17	3644
41	4255
39	302
56	3462
57	4285
56	3
17	717
12	4049
17	662
56	389
12	3082
56	649
17	3352
6	3253
60	446
56	1887
56	576
17	2717
56	1093
60	2231
56	731
14	1565
19	1831
17	539
2	1656
56	1482
60	1339
25	3641
2	4085
2	4033
4	637
6	2249
12	2670
2	3924
56	3740
56	198
56	3547
56	2437
26	4265
55	1070
65	388
17	1588
56	2267
56	911
56	4423
56	2900
66	4120
2	1484
56	1622
12	926
17	1427
2	375
38	493
45	4482
65	50
17	851
41	3029
39	2510
17	1074
56	4466
56	3969
64	3786
56	96
17	3340
48	3690
24	1990
4	3459
57	1857
2	382
2	3118
12	1615
17	1747
41	1515
49	1835
56	80
4	714
39	351
56	4240
56	1263
55	4002
56	3158
66	3165
17	3909
56	3057
60	2911
56	2250
17	3872
56	1690
5	1104
41	3006
56	296
56	4200
33	3406
6	97
17	3518
37	1904
61	916
27	2640
12	1880
39	2433
57	3246
17	2918
39	1117
6	2843
56	2671
45	2722
17	2332
56	3952
41	3751
6	3982
17	2952
33	1558
59	3907
56	1539
28	1525
56	252
56	811
26	3936
6	318
10	320
56	841
56	3269
17	4392
52	1995
6	4354
65	1923
38	558
4	3967
55	1827
56	824
6	3404
39	3837
19	244
39	3696
17	1385
60	2353
6	2804
10	1441
6	1664
56	2856
60	3551
18	334
38	180
18	3159
55	545
56	431
56	2180
17	526
57	4032
45	617
45	1722
56	2305
2	1123
18	3543
37	2392
45	3361
56	998
17	3116
6	4318
48	3894
66	278
60	887
55	606
6	43
56	241
60	1314
56	2720
59	4121
60	963
62	4226
6	3770
65	1264
56	1776
60	333
56	1672
18	643
23	633
12	943
45	2068
24	282
41	1573
60	775
37	2953
56	2292
2	4494
36	2552
14	3897
17	3353
24	1328
17	2895
6	2815
18	2771
27	2812
56	1464
39	2902
17	4313
56	2187
55	913
56	3736
56	2746
56	3525
2	3731
56	1947
6	1029
17	3030
14	1225
17	365
33	1111
17	1402
12	3629
43	2282
17	3300
17	925
56	551
15	1229
41	3912
10	3333
56	2638
37	2811
56	77
6	3065
56	2310
39	588
2	1961
27	983
55	4159
39	4273
6	1255
65	3055
56	3240
10	652
17	1156
37	1159
26	1333
17	1884
17	1935
56	3335
49	4416
4	2127
18	319
60	2073
2	1979
17	2280
10	2449
17	1192
56	613
56	2222
56	1208
45	4217
17	1563
56	2438
6	4369
10	2400
17	1637
10	2259
19	3034
60	26
60	3374
17	1269
4	3466
56	3182
17	2416
56	4038
17	3047
56	1276
17	76
60	1629
17	173
18	2098
28	1503
14	368
38	3062
56	2166
60	2352
56	1779
17	3658
4	2348
6	491
17	2000
6	1954
61	52
3	281
26	595
60	1008
39	2992
39	4037
24	2672
2	2194
60	2756
60	2014
53	2186
6	3441
11	1741
17	20
37	879
56	2167
37	3904
26	3323
44	305
56	1689
41	1125
17	989
12	1902
62	3236
60	4020
10	4290
17	834
56	3857
56	2368
10	2926
56	697
64	1258
66	3342
37	459
60	87
4	3025
2	1533
2	391
2	1178
17	3634
60	181
56	778
17	3036
17	2485
39	1586
56	1569
52	2945
56	476
65	582
56	2091
38	3792
60	1440
56	4274
17	3151
21	126
57	3133
23	2411
17	1296
56	350
33	3021
56	4280
2	272
39	2739
56	859
59	823
60	48
12	2319
49	2253
2	1516
23	4411
17	692
55	2622
48	612
55	1692
4	2228
56	195
17	1334
26	1698
55	33
52	1147
17	2889
17	1636
17	1632
39	4253
4	4533
59	450
56	642
39	3044
4	3734
6	4323
45	271
56	4224
45	2691
39	3796
39	2738
56	3132
56	3521
56	1273
56	4522
18	676
56	776
10	2727
65	3984
60	74
39	193
47	1804
17	275
65	3591
58	1465
45	2759
56	2076
39	3137
10	793
56	863
58	1782
17	4281
12	2335
56	2087
2	2219
56	2553
17	429
56	4306
6	2501
56	3266
39	292
41	424
64	2360
17	1490
17	2097
39	189
56	78
56	156
2	3024
62	2855
60	1431
19	2198
59	1821
66	800
6	809
14	2627
17	599
65	2624
37	3926
4	3718
56	1060
19	4266
56	3386
56	3400
65	2922
17	2010
56	3684
2	3322
19	4034
17	1372
18	1862
21	4140
56	4141
37	4383
24	4452
19	3640
60	1332
4	2712
60	2142
17	2573
53	758
59	237
55	1259
18	4030
17	4367
2	3387
56	4434
64	3281
18	434
56	1138
56	469
57	3092
56	675
4	738
53	1312
4	1216
26	1925
56	4148
18	1780
17	2705
10	1303
17	2124
4	737
65	219
6	4405
56	1329
10	385
56	2116
56	4422
41	1882
56	3594
12	2162
11	4081
10	2699
56	1034
45	1691
56	1742
49	1096
6	4093
37	1794
49	2914
2	2994
56	3366
26	3126
41	1786
60	3301
12	2995
60	347
2	3317
24	2158
60	3666
45	2444
55	2841
60	960
17	781
39	81
17	2387
2	2921
56	45
17	4223
49	2278
4	4179
37	294
56	2764
48	1998
17	4324
66	610
56	4443
38	3356
45	1176
60	2997
56	2214
17	3572
10	3470
5	1310
14	3011
56	1065
17	1704
6	2015
2	3687
12	1413
17	3903
60	3231
56	3297
17	1973
17	3316
17	1059
18	1388
39	3825
4	4348
10	3713
56	2290
56	3561
15	4013
13	2813
17	503
60	4535
6	1871
10	137
18	1802
49	3978
41	280
59	2721
49	1220
55	1680
17	1750
56	3932
17	658
10	2025
56	956
39	2117
45	602
56	316
43	4472
2	1551
60	3754
17	1460
42	2059
56	2272
59	1432
56	4090
17	600
60	690
56	4507
52	2602
2	92
60	3813
2	2892
55	1382
47	808
40	2205
42	1219
5	235
56	5
56	1999
39	2430
17	3282
39	3523
39	3895
60	3007
17	3167
63	3937
60	395
17	1173
45	3156
17	3382
56	4235
39	803
10	1732
56	2088
18	2991
4	2447
39	2013
60	3421
56	2710
10	276
10	4513
56	1396
56	4427
6	2932
17	2741
56	3222
4	3756
17	1047
56	3848
56	4308
12	3563
4	2255
56	1778
55	4015
48	4294
60	444
17	2506
17	3540
17	4339
18	2580
56	2833
19	2406
56	2751
2	4335
3	3482
56	852
53	2067
17	821
41	2045
66	1077
62	4467
41	1625
41	370
17	1756
17	1517
12	4176
12	135
17	4500
39	2230
17	2454
2	508
41	3834
24	2703
56	3694
41	787
17	4019
19	601
56	29
17	2004
56	3649
37	2089
56	2899
43	1449
56	3102
17	794
60	3890
63	4007
2	2350
56	117
64	757
17	2637
60	284
19	1553
17	1481
56	4288
4	792
56	2389
55	2401
56	3961
12	1311
53	4515
37	2370
56	3887
56	640
37	2313
6	947
37	2175
39	2824
60	4008
60	1011
56	4426
56	2248
56	1161
10	2467
19	3735
60	4485
65	3467
60	3980
17	1351
56	1234
33	2920
39	4234
56	2365
2	1958
21	2958
2	1826
56	3001
4	2297
25	966
39	3395
65	179
53	1642
25	1620
56	1603
52	2480
33	1313
17	942
17	1587
17	2821
23	504
60	1262
18	2379
56	1890
55	1699
56	4394
17	248
11	3781
43	2469
33	2494
19	700
17	4239
14	931
52	2663
41	495
2	3626
49	3080
56	3705
63	2641
33	1610
56	728
9	2836
4	2634
60	454
24	4342
41	1083
20	1097
17	3053
33	2372
18	1428
21	1774
56	567
2	1294
17	2138
55	768
12	148
45	1710
46	546
53	1706
56	83
10	2631
66	1748
2	720
56	3183
26	3595
19	2683
21	4053
56	722
17	770
10	4077
56	2522
2	2747
44	3123
19	1287
56	2143
60	1191
60	1414
60	2371
17	3552
56	1101
17	1955
56	965
60	4360
39	1411
38	1527
56	1005
56	1003
4	1142
39	327
22	1443
39	2916
10	2528
65	2775
17	2728
4	2948
60	3214
56	2206
52	1605
18	1058
2	3479
6	1089
17	16
17	1559
17	3715
2	1648
58	980
2	4528
60	10
24	1122
37	2393
6	1183
17	3604
60	4301
39	2060
60	3149
17	766
56	3483
10	3423
17	2515
41	807
49	2275
56	309
56	4158
17	3417
2	4470
28	3780
56	423
6	3606
19	704
11	4471
60	1497
11	3303
43	1895
10	2436
56	3669
56	4091
18	2482
28	2564
17	15
2	2810
56	3674
12	2579
2	4194
60	266
12	1175
56	2562
4	3805
37	197
39	1364
56	2512
26	1889
56	2869
56	1870
39	972
17	2814
21	3753
17	933
56	585
39	1523
55	194
28	1646
60	1936
39	3185
56	2754
39	2625
24	3085
54	3143
56	1948
56	1110
56	3310
60	2923
54	2130
60	120
6	2740
21	3956
37	861
58	2434
56	3693
2	951
17	2608
60	782
56	445
56	556
56	3844
2	4428
39	3447
46	3686
56	3247
23	172
56	3174
6	2311
56	2085
56	3835
56	2697
12	112
56	245
39	3439
14	3680
13	2615
2	1390
26	483
56	871
58	3283
17	3900
56	1356
57	381
17	2871
56	2731
14	2303
52	1154
39	2730
56	691
43	2419
2	4544
17	3436
37	1143
17	991
49	3398
10	2302
2	2743
33	1744
2	1426
36	2273
37	2423
17	2293
56	2897
39	1187
37	447
41	1987
2	1290
60	2753
45	2975
56	4338
53	3234
59	3681
17	4486
56	411
60	1834
10	3787
56	1712
18	225
2	170
56	2163
42	3862
57	2208
17	1773
24	3860
2	3173
24	2331
56	2837
60	2662
66	2998
56	166
49	3799
56	1057
10	118
2	4205
39	4232
56	56
10	1342
56	3725
55	3779
62	1132
56	1471
59	1198
64	941
26	4082
56	2440
37	1256
59	3425
33	1400
4	2361
18	1602
39	3822
41	1552
49	380
4	3524
17	229
45	900
56	361
56	205
2	1134
19	1391
18	671
28	3869
52	3721
23	1371
2	1837
17	2511
17	1489
2	4468
2	3399
17	2865
2	1634
56	1508
12	178
56	1325
15	2988
64	4009
46	2470
52	1524
4	3939
4	1378
66	220
12	240
61	1295
4	1832
4	1719
10	1010
21	2152
2	1131
60	3847
17	2362
17	2035
37	2078
17	620
6	420
17	4213
18	3723
56	2356
65	1607
39	471
20	930
5	3502
56	4532
37	1713
17	742
56	3009
12	842
56	3002
17	608
15	1144
17	3645
56	1693
11	1495
65	1662
18	4251
17	4363
60	1686
10	710
56	940
17	968
38	163
45	4543
60	2271
56	3612
6	590
56	4379
26	2789
56	2082
56	4050
4	1092
56	795
39	4289
17	3363
56	2053
59	3233
56	171
2	3394
14	398
60	1650
66	1924
37	2757
4	1966
38	9
56	849
17	4514
17	3410
12	1433
39	3008
56	440
17	559
54	858
19	139
17	3798
54	3493
56	1128
56	1996
64	1230
56	734
4	127
18	2820
60	919
1	2100
39	4384
28	4011
17	2559
56	115
18	2891
56	3657
2	4014
17	187
39	4199
56	1456
55	3258
2	1535
5	2314
17	439
33	2466
4	2046
55	3891
65	959
56	3812
18	154
56	28
56	1038
56	3099
56	221
44	3744
56	2961
4	604
6	1801
56	2548
56	4043
10	4088
17	974
2	3784
52	3285
17	3019
56	3910
61	1703
14	4462
39	3949
17	1469
60	747
56	2904
17	4395
56	1968
56	1623
53	3192
65	4332
63	635
12	3893
56	1921
60	3742
6	536
17	1250
39	2500
20	3221
60	2822
17	3390
2	4376
45	2611
2	2750
39	1724
17	1214
22	756
60	2189
39	4490
65	317
22	915
39	3000
2	2974
41	2429
6	3803
56	844
56	992
39	3530
18	3091
65	3759
56	3659
18	3288
56	4139
56	3054
60	3066
6	4419
56	518
2	2939
56	3828
6	3178
11	1743
56	206
58	4010
15	628
19	721
39	719
17	3334
48	4083
17	673
10	2986
39	1340
2	3261
4	587
56	4417
39	2509
56	2857
41	2346
56	3516
17	1595
60	814
56	1893
17	4161
28	1970
5	3203
39	2161
12	3958
2	648
39	2196
39	1848
17	3070
17	4317
2	1619
62	3637
2	1883
60	3311
2	2160
56	1641
2	4173
63	1487
39	2397
56	461
41	255
4	4089
56	1109
30	1761
4	1538
26	3836
56	3970
39	774
56	4399
19	3318
17	1354
19	3208
60	1252
39	3146
17	1006
56	3477
39	4474
6	2935
56	4097
56	1136
59	457
54	3190
6	3249
60	3256
17	3791
64	1157
17	2530
17	3531
12	1180
57	94
39	3763
37	1119
17	3169
36	3331
6	3874
17	4182
14	4237
39	437
61	3226
17	3985
6	2996
17	4436
2	3886
17	3378
62	4023
11	3069
6	3711
17	2779
56	1514
2	3131
22	4331
66	3215
56	1480
37	523
65	3580
17	3772
17	2114
56	3616
63	3175
10	4171
4	3392
56	2980
17	2337
56	3268
17	2322
17	3280
2	566
53	3927
2	3613
41	71
39	4048
6	3610
2	4523
6	3581
10	563
18	1164
10	3128
6	72
49	3783
23	2133
7	4181
17	2283
17	4505
17	4228
60	1330
56	2417
56	2931
62	4057
6	3743
18	3485
4	3889
13	3866
61	4446
12	1204
41	3968
17	1667
60	2383
56	2678
17	1030
17	509
17	1612
18	4455
56	315
17	2959
18	3562
10	881
56	2453
48	4164
10	3135
39	3829
14	1224
17	1875
17	1033
14	4387
12	1395
6	1869
4	1305
2	2609
56	4198
17	3488
56	3619
18	147
45	2695
17	259
15	4047
60	4067
39	4291
12	4160
56	4378
56	3163
56	3880
49	1140
39	2003
45	799
4	4026
17	228
17	3950
39	4478
10	4432
56	4437
45	3095
56	2866
56	3618
37	1072
45	2635
17	3319
18	664
56	3520
56	1028
41	2268
56	2330
39	1483
57	4461
2	2620
66	213
33	2860
60	210
56	254
38	4105
17	3544
60	786
45	3445
38	667
17	3198
12	1839
49	3747
17	1684
56	3039
56	2770
56	3013
56	1964
2	3954
4	3614
25	3134
56	1541
2	2465
56	840
12	2119
19	3072
15	1436
17	3808
17	3176
2	2661
6	1210
18	1017
56	3804
56	2605
60	134
17	1493
17	1639
17	3393
18	3437
17	1365
17	4061
60	1685
26	2110
10	1564
56	3450
17	1067
20	3250
56	243
15	3870
56	3765
56	1617
56	1152
56	3257
60	4136
18	177
17	1983
2	2090
56	4479
6	3545
1	4449
15	2533
56	3272
56	946
10	1842
57	828
17	2883
45	2618
6	4356
39	1876
33	3841
10	4518
2	32
65	3037
56	634
64	1170
60	3472
56	4447
26	2715
33	3351
28	4100
17	2542
60	208
56	1002
61	1071
56	95
56	3491
60	1708
10	1764
4	3947
17	1021
66	3391
56	4475
59	1359
65	638
10	1347
17	470
60	295
56	4025
60	1901
41	1582
56	3899
17	3388
2	2823
56	668
65	3389
12	211
56	2408
26	1997
56	760
33	3691
56	1784
41	533
13	1452
55	1526
56	2105
58	2241
4	3761
23	2881
60	1792
56	3464
39	3120
60	912
45	3238
18	3453
12	531
28	185
4	2002
12	2083
56	4103
49	820
41	3896
58	764
33	3337
62	3679
56	1085
2	3624
60	3327
6	4473
37	496
56	1019
17	3965
61	1272
39	3697
56	473
35	2656
42	396
56	2570
65	3460
60	4254
17	3861
41	1946
4	1091
2	2018
4	3419
56	1299
56	2964
10	2976
56	573
4	1373
2	3375
56	3933
56	1485
56	1494
58	4484
18	4218
28	2051
6	233
4	3764
17	140
41	3204
54	868
56	1387
56	4541
39	4130
17	2848
7	2215
27	880
12	2677
56	169
56	1502
14	4252
38	4303
17	619
56	1709
2	2529
37	4542
60	2934
2	2001
66	2034
6	4229
56	2184
2	3830
56	2488
60	1301
56	2646
60	2776
56	2115
17	410
2	4439
66	2896
56	622
45	1969
56	3738
17	4329
26	1103
54	1654
15	1126
60	4108
17	1934
33	4156
37	204
2	3081
17	1671
4	2257
37	2218
56	1282
2	1859
56	4231
56	1731
5	425
7	2063
66	209
56	2839
4	2095
56	4144
39	217
4	1331
61	4117
60	3350
17	810
2	1447
58	1806
48	1106
2	686
56	2276
56	1711
4	2844
39	4388
37	1762
56	304
56	4524
21	4362
56	3710
10	3934
17	1730
39	3588
2	2508
52	3345
14	330
4	4531
56	344
17	1775
45	3275
56	422
56	4401
18	1211
18	574
41	1960
17	1504
6	2339
17	3901
12	2486
43	3089
48	3655
19	299
38	2193
28	4111
56	2140
14	160
55	866
2	2514
56	3473
2	3983
56	3584
49	138
42	2642
56	1275
5	2080
17	875
19	2298
6	1437
60	2765
12	364
37	1419
39	4420
62	2391
30	1994
23	4292
55	670
63	2906
19	631
10	1088
14	2364
4	3986
60	4227
17	3840
56	2245
60	3532
65	833
17	2320
56	4269
18	2132
17	2554
56	2455
17	3444
7	3811
39	2732
26	718
17	1044
56	358
65	2782
18	2460
66	1860
37	3355
2	4016
39	4125
25	3071
39	3262
39	4079
2	1840
12	554
17	4264
39	2709
10	2792
56	4539
2	1375
56	4397
10	1609
56	2924
17	4208
60	3084
55	101
39	1716
60	4126
2	838
17	1205
55	2041
56	144
56	1265
6	2558
60	1486
54	3503
2	3859
17	1777
39	683
39	3991
17	4238
56	3569
52	4463
23	3314
17	3648
41	3443
6	3650
61	3347
17	1763
17	1370
17	1239
2	3264
37	653
43	3842
59	3788
10	3535
46	3966
56	1927
60	1246
10	2933
56	1439
17	4402
41	3098
17	3565
39	1280
33	1931
18	2999
4	2204
17	4095
60	3330
41	2962
66	1241
41	4135
10	1991
56	402
17	253
17	1045
38	3454
56	3558
17	2281
33	2947
6	1063
66	486
56	2714
17	4005
12	3773
6	2885
39	3935
12	1682
60	1509
24	3724
39	4322
2	3286
17	3265
56	3199
61	2191
18	732
60	3035
17	1651
56	3227
60	2497
17	2019
60	2874
56	346
17	4311
17	1203
6	1596
15	986
4	218
61	136
56	377
17	3785
17	110
56	4072
39	125
65	908
46	303
39	99
25	242
56	4018
2	2972
56	494
17	2077
60	485
37	4538
3	3665
49	4122
17	339
17	4204
59	4321
24	3010
6	950
65	1321
6	746
17	3758
39	1571
56	3150
45	2312
63	4368
56	2940
41	1604
56	3789
56	2057
55	4305
53	2120
56	188
65	4186
56	817
10	3709
55	93
56	4278
56	3384
60	21
12	3023
60	831
17	1640
23	323
17	4146
60	2890
39	1652
56	114
15	301
22	2737
18	3094
17	647
60	1594
17	2956
4	2182
60	2220
2	1082
39	3611
17	1600
45	3567
60	19
4	3096
4	3438
52	1457
61	3308
60	2675
56	4242
56	3075
17	1442
45	3038
55	1031
55	2621
56	1271
37	783
10	4276
64	767
26	1499
2	2574
56	1195
17	1879
17	3621
39	3409
56	2287
57	655
2	2612
56	2435
17	286
19	1567
60	1718
17	1536
17	3741
17	1146
37	201
56	1461
21	2532
56	1808
17	4263
60	4334
17	4258
12	196
33	2549
39	3913
43	1121
2	2970
17	2946
2	3974
65	4261
12	928
18	3800
49	2628
56	2583
56	3557
2	801
56	3270
45	3321
10	374
10	1959
4	4375
56	1336
14	2504
10	2338
17	3570
56	854
63	3515
56	3152
56	1384
17	2149
37	3254
17	1112
18	3370
41	1676
2	1688
61	3354
56	4065
56	3191
17	4430
60	921
56	4309
17	3507
2	2156
56	332
56	1543
56	2692
17	463
65	2237
26	1868
57	4098
56	4202
41	1807
18	2148
56	3171
37	443
56	216
17	611
17	825
2	3067
24	1754
49	560
6	123
56	2213
6	510
55	822
4	4509
55	1635
18	3905
56	2687
18	161
53	3667
10	3892
4	830
56	549
60	3915
12	1978
60	3586
6	4045
37	3766
18	2993
45	4465
63	3251
66	3012
24	944
56	796
2	3997
55	1976
38	1759
61	3414
56	2478
12	11
41	3213
17	2790
56	4056
56	79
56	2007
14	846
17	4260
60	4268
56	3217
45	4175
14	3259
10	3284
17	3553
56	1977
17	645
56	1407
2	593
49	1643
56	1911
2	1361
56	4132
56	4052
7	1928
7	499
60	168
17	3357
60	2458
17	3925
2	3487
17	3630
55	3541
60	4316
56	3041
26	2190
56	1133
60	416
17	3620
56	3854
17	3420
56	146
6	3004
17	2258
60	2366
39	2262
56	969
56	3801
41	1715
66	2177
60	3403
39	706
4	183
17	3380
33	3853
12	4119
44	988
56	2381
17	3510
17	1095
15	321
57	4389
59	2845
56	3677
56	1938
17	4497
55	103
56	2459
60	4328
18	2136
56	2315
17	432
39	4195
42	2195
17	3162
15	355
65	3824
18	3833
56	1127
12	2150
56	813
28	2799
17	2593
56	1186
60	4154
10	2342
18	564
17	3341
24	3845
2	1189
56	3372
3	2065
2	784
17	2569
38	3775
6	4012
10	4404
62	1863
56	3732
2	4129
17	1377
19	3548
17	3873
2	4298
56	3528
26	4357
4	2669
28	1766
56	2382
17	263
56	438
11	1039
56	1451
55	2586
41	2955
56	1383
56	572
39	2211
6	58
12	1202
10	678
60	4188
17	663
17	1315
56	2984
60	372
56	4536
17	3627
56	3180
17	4112
56	3794
56	2251
2	4210
63	3795
18	4283
14	2607
56	537
2	313
2	3550
19	2588
56	4489
56	2539
45	1286
60	2979
2	2017
7	4022
49	2565
60	4027
24	869
45	4207
2	1720
65	3495
17	3486
12	1854
56	698
6	2800
56	2713
17	4167
56	2783
56	4201
56	4415
3	3797
56	856
56	4220
2	3615
12	3336
56	3416
45	674
4	387
23	322
66	1791
56	2767
37	4051
17	2244
56	1249
17	3596
2	3022
37	1828
7	4059
56	4297
19	3244
28	2289
37	1114
6	1477
60	848
56	1824
56	729
56	4084
2	2831
57	4004
2	3981
17	4078
60	3727
39	3728
17	1035
2	3277
17	343
17	2308
4	3161
56	452
6	2334
56	2028
52	2707
61	4537
56	583
18	2541
56	1358
55	4110
56	4377
26	3078
56	3497
2	3911
60	3252
7	1024
56	3589
37	1825
17	90
17	212
56	949
56	2912
17	2026
56	3115
56	1215
24	1929
56	3522
52	2296
63	400
57	1177
2	331
56	1237
60	403
56	4341
56	2589
55	4197
37	1326
60	1877
60	2954
56	522
60	1942
41	4516
17	594
65	482
28	624
56	4149
56	4304
17	357
56	977
56	1094
39	735
56	270
37	2402
41	1362
17	3449
39	685
25	2122
17	4101
41	3294
39	4001
56	1898
39	4275
33	22
61	3428
17	4162
17	1584
37	3045
37	53
2	307
60	2696
56	3964
56	2363
60	3511
17	2610
19	2517
17	2718
56	3979
56	3700
60	1492
17	3592
17	8
17	3730
2	3539
56	105
66	789
12	2049
10	3377
56	4501
56	525
2	3517
56	4076
57	3401
56	3469
56	4256
17	2682
18	3260
56	3575
56	3292
17	2236
56	3125
18	3364
10	3534
56	3313
56	67
2	3452
10	4373
4	4495
55	3434
60	684
17	3802
17	4055
26	1963
55	3676
12	4346
6	30
38	3623
41	3164
56	2886
12	3884
60	501
56	3514
4	3642
17	3501
11	3106
17	91
56	38
56	3856
18	3760
56	2376
60	2919
56	3016
56	4127
56	1040
38	615
17	2544
12	3220
17	2055
17	1885
46	236
33	873
66	730
22	1386
36	906
56	1940
12	1223
56	2226
17	1338
17	3748
56	1677
6	3274
39	2519
56	1836
10	1496
17	4412
18	2106
17	3142
37	694
14	2674
56	3339
56	2702
18	4206
56	2264
17	4458
37	3831
14	4000
56	2556
56	3210
18	2676
26	894
37	1697
56	4203
33	4267
56	3088
6	3633
2	2803
28	1666
17	1788
12	64
18	3506
2	2109
39	4448
60	1531
17	3248
61	297
21	752
56	3914
17	707
39	897
10	2665
56	923
6	1830
33	1638
56	23
39	2788
19	1562
24	4374
41	699
39	2729
56	1052
18	3793
45	3737
2	39
41	656
56	1201
45	3823
41	3458
17	3139
53	1291
24	2154
2	3153
17	2551
60	3368
17	1920
6	86
65	3602
17	4115
56	1027
56	3299
56	896
17	4315
17	1549
5	441
17	626
25	1099
56	1108
12	4519
17	2807
2	2981
56	3504
17	650
56	4457
39	3348
56	2584
56	4451
56	3959
24	3843
6	3717
39	3930
17	4192
18	164
17	2279
56	3305
17	3430
2	24
6	4477
56	4155
17	3232
54	311
45	711
60	2949
17	2032
55	2942
56	2084
17	3020
6	329
6	3456
17	3119
17	1956
41	3568
23	3320
56	109
2	3675
56	3865
4	4326
17	917
56	2827
38	1507
17	4503
56	4487
45	2769
17	2054
37	2377
10	3461
56	1309
2	4355
60	2074
37	3060
60	300
46	326
2	2481
45	3977
60	578
14	2686
58	780
56	2723
60	3652
56	1318
57	4492
19	3329
55	4408
17	2069
56	4330
14	4366
49	1149
17	3638
6	3920
3	3790
55	1949
41	1448
56	1546
56	2111
57	2299
17	4506
17	3026
37	2489
44	3712
17	149
37	2626
19	2960
56	886
56	3722
56	2476
39	100
65	1760
56	260
56	3607
56	1298
17	3147
4	3059
17	3492
56	2277
56	3083
57	1919
39	4086
19	804
17	310
59	3574
55	723
10	417
56	4476
56	1833
56	836
6	3295
39	513
56	895
59	3942
17	2903
57	3207
55	3703
56	967
17	328
18	4390
65	4031
56	1418
56	672
17	2129
33	1544
2	515
56	3371
63	3871
6	4107
17	3052
41	1086
26	1752
56	1105
39	1813
56	4163
24	2538
17	1179
56	2174
17	815
10	902
39	3014
45	2061
10	2443
4	1611
2	4481
41	2104
10	2202
56	999
17	4480
17	987
38	857
18	1601
10	2938
17	4525
17	4021
2	2749
2	769
39	2951
56	325
61	2048
53	3424
42	4042
17	3868
66	4496
24	2818
17	3776
17	3005
56	736
17	1278
56	1823
41	2495
65	3448
17	898
18	1888
28	1381
17	955
56	4336
17	2325
11	2123
60	1181
17	2567
45	1971
2	1079
17	3863
55	2479
17	1822
54	4196
18	4320
2	3993
37	555
56	4353
6	3564
47	1228
12	3216
23	3490
17	2357
19	920
2	1
37	4302
56	1018
24	2575
4	2840
56	4134
12	3369
6	2033
56	2328
2	2781
6	3707
17	788
56	1488
56	4114
6	4310
17	798
39	287
17	3682
17	2894
2	2358
18	4169
17	3064
4	2907
17	4094
39	4124
18	2491
60	3296
56	3771
33	4380
55	479
60	4520
12	3104
56	2795
60	404
39	3245
56	2745
18	2252
56	2872
56	1723
60	2576
56	845
2	1050
55	4442
26	1458
17	2404
17	4250
10	759
41	575
56	1881
2	3941
61	1570
56	2266
17	500
37	3923
60	1369
56	449
12	1864
24	3298
66	3184
6	37
37	2774
46	2176
60	1238
56	2042
6	1379
56	3379
60	2798
37	4521
41	3489
66	2044
18	3481
65	3745
17	3673
56	3908
17	1506
39	762
2	4393
49	12
17	3566
15	2306
56	1267
39	1852
56	224
10	4165
60	1137
26	889
56	4099
4	3653
17	3774
37	1380
2	2441
2	1829
56	426
56	3267
56	1163
17	850
4	464
60	1056
37	274
56	2410
17	3938
60	1663
37	3050
41	4345
59	175
56	1222
17	1993
56	3605
17	994
39	1621
53	3446
39	1236
17	3660
56	1537
39	2971
56	2884
26	3578
15	4359
56	2629
19	1856
56	3533
56	2439
56	1787
17	3405
56	1416
60	2243
56	2537
